---------------------------------------------------------------------------------------------------------------------
---------------------------------------------------------------------------------------------------------------------
-- Insert 20 acc nam, 20 acc nu --
INSERT INTO accounts
values ('160001','1','sinhvien');
INSERT INTO accounts
values ('160002','1','sinhvien');
INSERT INTO accounts
values ('160003','1','sinhvien');
INSERT INTO accounts
values ('160004','1','sinhvien');
INSERT INTO accounts
values ('160005','1','sinhvien');
INSERT INTO accounts
values ('160006','1','sinhvien');
INSERT INTO accounts
values ('160007','1','sinhvien');
INSERT INTO accounts
values ('160008','1','sinhvien');
INSERT INTO accounts
values ('160009','1','sinhvien');
INSERT INTO accounts
values ('160010','1','sinhvien');
INSERT INTO accounts
values ('160011','1','sinhvien');
INSERT INTO accounts
values ('160012','1','sinhvien');
INSERT INTO accounts
values ('160013','1','sinhvien');
INSERT INTO accounts
values ('160014','1','sinhvien');
INSERT INTO accounts
values ('160015','1','sinhvien');
INSERT INTO accounts
values ('160016','1','sinhvien');
INSERT INTO accounts
values ('160017','1','sinhvien');
INSERT INTO accounts
values ('160018','1','sinhvien');
INSERT INTO accounts
values ('160019','1','sinhvien');
INSERT INTO accounts
values ('160020','1','sinhvien');
INSERT INTO accounts
values ('160021','1','sinhvien');
INSERT INTO accounts
values ('160022','1','sinhvien');
INSERT INTO accounts
values ('160023','1','sinhvien');
INSERT INTO accounts
values ('160024','1','sinhvien');
INSERT INTO accounts
values ('160025','1','sinhvien');
INSERT INTO accounts
values ('160026','1','sinhvien');
INSERT INTO accounts
values ('160027','1','sinhvien');
INSERT INTO accounts
values ('160028','1','sinhvien');
INSERT INTO accounts
values ('160029','1','sinhvien');
INSERT INTO accounts
values ('160030','1','sinhvien');
INSERT INTO accounts
values ('160031','1','sinhvien');
INSERT INTO accounts
values ('160032','1','sinhvien');
INSERT INTO accounts
values ('160033','1','sinhvien');
INSERT INTO accounts
values ('160034','1','sinhvien');
INSERT INTO accounts
values ('160035','1','sinhvien');
INSERT INTO accounts
values ('160036','1','sinhvien');
INSERT INTO accounts
values ('160037','1','sinhvien');
INSERT INTO accounts
values ('160038','1','sinhvien');
INSERT INTO accounts
values ('160039','1','sinhvien');
INSERT INTO accounts
values ('160040','1','sinhvien');

-------------------------------------------------------------------------------------------------------------------
-------------------------------------------------------------------------------------------------------------------
INSERT INTO sinhvien
values (20160001,'Nguyen Nam A','1998-01-01','nam','KT31-K61','Ha Noi','160001','0123456789');
INSERT INTO sinhvien
values (20160002,'Nguyen Nam B','1998-02-02','nam','KT22-K61','Vinh Phuc','160002','0123456788');
INSERT INTO sinhvien
values (20160003,'Nguyen Nam C','1998-03-03','nam','TT11-K61','Ha Long','160003','0123456787');
INSERT INTO sinhvien
values (20160004,'Nguyen Nam D','1998-04-04','nam','TT22-K61','Dong Nai','160004','0123456786');
INSERT INTO sinhvien
values (20160005,'Nguyen Nam E','1998-05-05','nam','KT12-K61','Ha Noi','160005','0123456785');
INSERT INTO sinhvien
values (20160006,'Nguyen Nam F','1998-06-06','nam','KT11-K61','Thanh Hoa','160006','0123456784');
INSERT INTO sinhvien
values (20160007,'Nguyen Nam G','1998-07-07','nam','KT22-K61','Vinh Phuc','160007','0123456783');
INSERT INTO sinhvien
values (20160008,'Nguyen Nam H','1998-08-08','nam','TT11-K61','Ha Long','160008','0123456782');
INSERT INTO sinhvien
values (20160009,'Nguyen Nam I','1998-09-09','nam','TT22-K61','Dong Nai','160009','0123456781');
INSERT INTO sinhvien
values (20160010,'Nguyen Nam K','1998-10-10','nam','KT12-K61','Ha Noi','160010','0123456780');
INSERT INTO sinhvien
values (20160011,'Nguyen Nam L','1998-01-01','nam','KT31-K61','Ha Noi','160011','0123456779');
INSERT INTO sinhvien
values (20160012,'Nguyen Nam M','1998-02-02','nam','KT22-K61','Vinh Phuc','160012','0123456778');
INSERT INTO sinhvien
values (20160013,'Nguyen Nam N','1998-03-03','nam','TT11-K61','Ha Long','160013','0123456777');
INSERT INTO sinhvien
values (20160014,'Nguyen Nam O','1998-04-04','nam','TT22-K61','Dong Nai','160014','0123456776');
INSERT INTO sinhvien
values (20160015,'Nguyen Nam P','1998-05-05','nam','KT12-K61','Ha Noi','160015','0123456775');
INSERT INTO sinhvien
values (20160016,'Nguyen Nam Q','1998-06-06','nam','KT11-K61','Thanh Hoa','160016','0123456774');
INSERT INTO sinhvien
values (20160017,'Nguyen Nam R','1998-07-07','nam','KT22-K61','Vinh Phuc','160017','0123456773');
INSERT INTO sinhvien
values (20160018,'Nguyen Nam S','1998-08-08','nam','TT11-K61','Ha Long','160018','0123456772');
INSERT INTO sinhvien
values (20160019,'Nguyen Nam T','1998-09-09','nam','TT22-K61','Dong Nai','160019','0123456771');
INSERT INTO sinhvien
values (20160020,'Nguyen Nam U','1998-10-10','nam','KT12-K61','Ha Noi','160020','0123456770');


--nu--
INSERT INTO sinhvien
values (20160021,'Le Thi A','1998-07-07','nu','KT22-K61','Ha Noi','160021','0123456769');
INSERT INTO sinhvien
values (20160022,'Le Thi B','1998-08-08','nu','KT33-K61','Lao Cai','160022','0123456768');
INSERT INTO sinhvien
values (20160023,'Le Thi C','1998-07-07','nu','KT24-K61','Yen Bai','160023','0123456767');
INSERT INTO sinhvien
values (20160024,'Le Thi D','1997-05-19','nu','KT13-K61','Thanh Hoa','160024','0123456766');
INSERT INTO sinhvien
values (20160025,'Le Thi E','1998-03-13','nu','KT14-K61','Hai Phong','160025','0123456765');
INSERT INTO sinhvien
values (20160026,'Le Thi F','1998-07-07','nu','KT22-K61','Ha Noi','160026','0123456764');
INSERT INTO sinhvien
values (20160027,'Le Thi G','1998-08-08','nu','KT33-K61','Lao Cai','160027','0123456763');
INSERT INTO sinhvien
values (20160028,'Le Thi H','1998-07-07','nu','KT24-K61','Yen Bai','160028','0123456762');
INSERT INTO sinhvien
values (20160029,'Le Thi I','1997-05-19','nu','KT13-K61','Thanh Hoa','160029','0123456761');
INSERT INTO sinhvien
values (20160030,'Le Thi K','1998-03-13','nu','KT14-K61','Bac Ninh','160040','0123456760');
INSERT INTO sinhvien
values (20160031,'Le Thi L','1998-07-07','nu','KT22-K61','Ha Noi','160031','0123456759');
INSERT INTO sinhvien
values (20160032,'Le Thi M','1998-08-08','nu','KT33-K61','Lao Cai','160032','0123456758');
INSERT INTO sinhvien
values (20160033,'Le Thi N','1998-07-07','nu','KT24-K61','Yen Bai','160033','0123456757');
INSERT INTO sinhvien
values (20160034,'Le Thi O','1997-05-19','nu','KT13-K61','Thanh Hoa','160034','0123456756');
INSERT INTO sinhvien
values (20160035,'Le Thi P','1998-03-13','nu','KT14-K61','Hai Phong','160035','0123456755');
INSERT INTO sinhvien
values (20160036,'Le Thi Q','1998-07-07','nu','KT22-K61','Ha Noi','160036','0123456754');
INSERT INTO sinhvien
values (20160037,'Le Thi R','1998-08-08','nu','KT33-K61','Lao Cai','160037','0123456753');
INSERT INTO sinhvien
values (20160038,'Le Thi S','1998-07-07','nu','KT24-K61','Yen Bai','160038','0123456752');
INSERT INTO sinhvien
values (20160039,'Le Thi T','1997-05-19','nu','KT13-K61','Thanh Hoa','160039','0123456751');
INSERT INTO sinhvien
values (20160040,'Le Thi U','1998-03-13','nu','KT14-K61','Bac Ninh','160040','0123456750');



-----------------------------------------------------------------------------------------------------------------
-----------------------------------------------------------------------------------------------------------------
-- INSERT nhung ki truoc --
   -- INSERT nha 1 --
-- Nam --
INSERT INTO phieudangky (msphong,mssv,kyo,trangthaidk,ngaydk,lephi,ngayduyet,mscb)
values (1, 20160001, 20172,'het han','2018-01-03', 2400000,'2018-01-03',1001);
INSERT INTO phieudangky (msphong,mssv,kyo,trangthaidk,ngaydk,lephi,ngayduyet,mscb)
values (1, 20160002, 20172,'het han','2018-01-03', 2400000,'2018-01-03',1001);
INSERT INTO phieudangky (msphong,mssv,kyo,trangthaidk,ngaydk,lephi,ngayduyet,mscb)
values (1, 20160003, 20172,'het han','2018-01-03', 2400000,'2018-01-03',1001);

INSERT INTO phieudangky (msphong,mssv,kyo,trangthaidk,ngaydk,lephi,ngayduyet,mscb)
values (2, 20160004, 20172,'het han','2018-01-03', 2400000,'2018-01-03',1001);
INSERT INTO phieudangky (msphong,mssv,kyo,trangthaidk,ngaydk,lephi,ngayduyet,mscb)
values (2, 20160005, 20172,'het han','2018-01-03', 2400000,'2018-01-03',1001);

INSERT INTO phieudangky (msphong,mssv,kyo,trangthaidk,ngaydk,lephi,ngayduyet,mscb)
values (3, 20160007, 20181,'het han','2018-07-03', 2400000,'2018-07-03',1001);
INSERT INTO phieudangky (msphong,mssv,kyo,trangthaidk,ngaydk,lephi,ngayduyet,mscb)
values (3, 20160008, 20181,'het han','2018-08-03', 2000000,'2018-08-03',1001);
INSERT INTO phieudangky (msphong,mssv,kyo,trangthaidk,ngaydk,lephi,ngayduyet,mscb)
values (4, 20160009, 20181,'het han','2018-09-03', 1600000,'2018-09-03',1001);
INSERT INTO phieudangky (msphong,mssv,kyo,trangthaidk,ngaydk,lephi,ngayduyet,mscb)
values (5, 20160010, 20181,'het han','2018-10-03', 1200000,'2018-10-03',1001);

-- Nu --
INSERT INTO phieudangky (msphong,mssv,kyo,trangthaidk,ngaydk,lephi,ngayduyet,mscb)
values (6, 20160021, 20172,'het han','2018-02-03', 2000000,'2018-02-03',1001);
INSERT INTO phieudangky (msphong,mssv,kyo,trangthaidk,ngaydk,lephi,ngayduyet,mscb)
values (6, 20160022, 20172,'het han','2018-02-03', 2000000,'2018-02-03',1001);
INSERT INTO phieudangky (msphong,mssv,kyo,trangthaidk,ngaydk,lephi,ngayduyet,mscb)
values (6, 20160023, 20172,'het han','2018-02-03', 2000000,'2018-02-03',1001);
INSERT INTO phieudangky (msphong,mssv,kyo,trangthaidk,ngaydk,lephi,ngayduyet,mscb)
values (7, 20160024, 20172,'het han','2018-02-03', 2000000,'2018-02-03',1001);
INSERT INTO phieudangky (msphong,mssv,kyo,trangthaidk,ngaydk,lephi,ngayduyet,mscb)
values (7, 20160025, 20172,'het han','2018-02-03', 2000000,'2018-02-03',1001);

INSERT INTO phieudangky (msphong,mssv,kyo,trangthaidk,ngaydk,lephi,ngayduyet,mscb)
values (8, 20160026, 20181,'het han','2018-07-03', 2400000,'2018-07-03',1001);
INSERT INTO phieudangky (msphong,mssv,kyo,trangthaidk,ngaydk,lephi,ngayduyet,mscb)
values (8, 20160027, 20181,'het han','2018-07-03', 2400000,'2018-07-03',1001);
INSERT INTO phieudangky (msphong,mssv,kyo,trangthaidk,ngaydk,lephi,ngayduyet,mscb)
values (9, 20160028, 20181,'het han','2018-07-03', 2400000,'2018-07-03',1001);
INSERT INTO phieudangky (msphong,mssv,kyo,trangthaidk,ngaydk,lephi,ngayduyet,mscb)
values (10, 20160029, 20181,'het han','2018-07-03', 2400000,'2018-07-03',1001);
INSERT INTO phieudangky (msphong,mssv,kyo,trangthaidk,ngaydk,lephi,ngayduyet,mscb)
values (11, 20160030, 20181,'het han','2018-07-03', 2400000,'2018-07-03',1001);

-- INSERT nha 2 --
INSERT INTO phieudangky (msphong,mssv,kyo,trangthaidk,ngaydk,lephi,ngayduyet,mscb)
values (21, 20160038, 20172,'het han','2018-01-03', 1800000,'2018-01-03',1002);
INSERT INTO phieudangky (msphong,mssv,kyo,trangthaidk,ngaydk,lephi,ngayduyet,mscb)
values (21, 20160039, 20172,'het han','2018-01-03', 1800000,'2018-01-03',1002);
INSERT INTO phieudangky (msphong,mssv,kyo,trangthaidk,ngaydk,lephi,ngayduyet,mscb)
values (21, 20160040, 20181,'het han','2018-01-03', 1800000,'2018-01-03',1002);

-- INSERT nha 3 --
INSERT INTO phieudangky (msphong,mssv,kyo,trangthaidk,ngaydk,lephi,ngayduyet,mscb)
values (41, 20160018, 20172,'het han','2018-01-03', 1200000,'2018-01-03',1003);
INSERT INTO phieudangky (msphong,mssv,kyo,trangthaidk,ngaydk,lephi,ngayduyet,mscb)
values (41, 20160019, 20181,'het han','2018-01-03', 1200000,'2018-01-03',1003);
INSERT INTO phieudangky (msphong,mssv,kyo,trangthaidk,ngaydk,lephi,ngayduyet,mscb)
values (41, 20160020, 20181,'het han','2018-01-03', 1200000,'2018-01-03',1003);

--that bai--
INSERT INTO phieudangky (msphong,mssv,kyo,trangthaidk,ngaydk,lephi,ngayduyet,mscb)
values (1, 20160011, 20172,'that bai','2018-01-03', 2400000,'2018-01-03',1001);
INSERT INTO phieudangky (msphong,mssv,kyo,trangthaidk,ngaydk,lephi,ngayduyet,mscb)
values (1, 20160012, 20172,'that bai','2018-01-03', 2400000,'2018-01-03',1001);
INSERT INTO phieudangky (msphong,mssv,kyo,trangthaidk,ngaydk,lephi,ngayduyet,mscb)
values (1, 20160013, 20172,'that bai','2018-01-03', 2400000,'2018-01-03',1001);
INSERT INTO phieudangky (msphong,mssv,kyo,trangthaidk,ngaydk,lephi,ngayduyet,mscb)
values (6, 20160031, 20172,'that bai','2018-02-03', 2000000,'2018-02-03',1001);
INSERT INTO phieudangky (msphong,mssv,kyo,trangthaidk,ngaydk,lephi,ngayduyet,mscb)
values (6, 20160032, 20172,'that bai','2018-02-03', 2000000,'2018-02-03',1001);
INSERT INTO phieudangky (msphong,mssv,kyo,trangthaidk,ngaydk,lephi,ngayduyet,mscb)
values (6, 20160033, 20172,'that bai','2018-02-03', 2000000,'2018-02-03',1001);


-- INSET ky nay --
-- INSERT nha 1 --
-- Nam --
INSERT INTO phieudangky (msphong,mssv,kyo,trangthaidk,ngaydk,lephi)
values (1, 20160001, 20182,'cho xac nhan','2019-01-03', 2400000);
INSERT INTO phieudangky (msphong,mssv,kyo,trangthaidk,ngaydk,lephi)
values (1, 20160002, 20182,'cho xac nhan','2019-01-03', 2400000);
INSERT INTO phieudangky (msphong,mssv,kyo,trangthaidk,ngaydk,lephi)
values (1, 20160003, 20182,'cho xac nhan','2019-01-03', 2400000);

INSERT INTO phieudangky (msphong,mssv,kyo,trangthaidk,ngaydk,lephi)
values (2, 20160004, 20182,'cho xac nhan','2019-01-03', 2400000);
INSERT INTO phieudangky (msphong,mssv,kyo,trangthaidk,ngaydk,lephi)
values (2, 20160005, 20182,'cho xac nhan','2019-01-03', 2400000);

INSERT INTO phieudangky (msphong,mssv,kyo,trangthaidk,ngaydk,lephi)
values (3, 20160007, 20182,'cho xac nhan','2019-01-03', 2400000);
INSERT INTO phieudangky (msphong,mssv,kyo,trangthaidk,ngaydk,lephi)
values (3, 20160008, 20182,'cho xac nhan','2019-01-03', 2400000);
INSERT INTO phieudangky (msphong,mssv,kyo,trangthaidk,ngaydk,lephi)
values (4, 20160009, 20182,'cho xac nhan','2019-01-03', 2400000);
INSERT INTO phieudangky (msphong,mssv,kyo,trangthaidk,ngaydk,lephi)
values (5, 20160010, 20182,'cho xac nhan','2019-01-03', 2400000);


-- Nu --
INSERT INTO phieudangky (msphong,mssv,kyo,trangthaidk,ngaydk,lephi)
values (6, 20160021, 20182,'cho xac nhan','2019-01-03', 2400000);
INSERT INTO phieudangky (msphong,mssv,kyo,trangthaidk,ngaydk,lephi)
values (6, 20160022, 20182,'cho xac nhan','2019-01-03', 2400000);
INSERT INTO phieudangky (msphong,mssv,kyo,trangthaidk,ngaydk,lephi)
values (6, 20160023, 20182,'cho xac nhan','2019-01-03', 2400000);

INSERT INTO phieudangky (msphong,mssv,kyo,trangthaidk,ngaydk,lephi)
values (7, 20160024, 20182,'cho xac nhan','2019-01-03', 2400000);
INSERT INTO phieudangky (msphong,mssv,kyo,trangthaidk,ngaydk,lephi)
values (7, 20160025, 20182,'cho xac nhan','2019-01-03', 2400000);
INSERT INTO phieudangky (msphong,mssv,kyo,trangthaidk,ngaydk,lephi)
values (8, 20160026, 20182,'cho xac nhan','2019-01-03', 2400000);
INSERT INTO phieudangky (msphong,mssv,kyo,trangthaidk,ngaydk,lephi)
values (8, 20160027, 20182,'cho xac nhan','2019-01-03', 2400000);
INSERT INTO phieudangky (msphong,mssv,kyo,trangthaidk,ngaydk,lephi)
values (9, 20160028, 20182,'cho xac nhan','2019-01-03', 2400000);

INSERT INTO phieudangky (msphong,mssv,kyo,trangthaidk,ngaydk,lephi)
values (10, 20160029, 20182,'cho xac nhan','2019-01-03', 2400000);
INSERT INTO phieudangky (msphong,mssv,kyo,trangthaidk,ngaydk,lephi)
values (11, 20160030, 20182,'cho xac nhan','2019-01-03', 2400000);

-- INSERT nha 2 --
INSERT INTO phieudangky (msphong,mssv,kyo,trangthaidk,ngaydk,lephi)
values (21, 20160038, 20182,'cho xac nhan','2019-01-03', 1800000);
INSERT INTO phieudangky (msphong,mssv,kyo,trangthaidk,ngaydk,lephi)
values (21, 20160039, 20182,'cho xac nhan','2019-01-03', 1800000);
INSERT INTO phieudangky (msphong,mssv,kyo,trangthaidk,ngaydk,lephi)
values (21, 20160040, 20182,'cho xac nhan','2019-01-03', 1800000);

-- INSERT nha 3 --
INSERT INTO phieudangky (msphong,mssv,kyo,trangthaidk,ngaydk,lephi)
values (41, 20160018, 20182,'cho xac nhan','2019-01-03', 1200000);
INSERT INTO phieudangky (msphong,mssv,kyo,trangthaidk,ngaydk,lephi)
values (41, 20160019, 20182,'cho xac nhan','2019-01-03', 1200000);
INSERT INTO phieudangky (msphong,mssv,kyo,trangthaidk,ngaydk,lephi)
values (41, 20160020, 20182,'cho xac nhan','2019-01-03', 1200000);